nan,nan,nan
1.831210000000000093e+01,nan,nan
2.018400000000000194e+00,3.208679999999999666e+01,nan
3.023440000000000016e-01,5.190590000000000259e+00,4.206380000000000052e+01
